Program Name,Policy Type,Legislation,Agency,Enactment Date,Description,Funding Amount,Battery Components Covered,Eligibility Requirements,Phase-out/Sunset,Key Metrics,Status
Section 45X Advanced Manufacturing Production Credit,Tax Credit,Inflation Reduction Act,IRS/Treasury,2022-08-16,"Production tax credit for battery cells ($35/kWh) and modules ($10/kWh), electrode active materials, and critical minerals",$0 (tax credit),"Battery cells, battery modules, electrode active materials, critical minerals",Produced and sold in USA after Dec 31 2022 to unrelated parties,Phases down 25% annually starting 2030 (75% in 2030; 50% in 2031; 25% in 2032),Credits trade at 92-95 cents on dollar; eligible for direct payment and transferability,Active
Section 30D Clean Vehicle Credit,Tax Credit,Inflation Reduction Act,IRS/Treasury,2022-08-16,"Consumer EV tax credit up to $7,500 ($3,750 for battery components + $3,750 for critical minerals)",Up to $7500 per vehicle,"Battery cells, modules, critical minerals","60% battery components manufactured in North America (2024-25); 50% critical minerals from US/FTA countries (2024); no FEOC components (2024+)",Percentage requirements increase annually through 2029,$7500 maximum credit split between components and minerals,Active
Battery Manufacturing and Recycling Grants (BIL 40207c),Grant,Bipartisan Infrastructure Law,DOE,2021-11-15,"Grants for domestic battery manufacturing and recycling facilities",$3.0B awarded to 25 projects (Sept 2024); additional $1.82B awarded (Oct 2022),"Battery cells, modules, packs, materials, recycling",US-based manufacturing and recycling projects,Program funded through FY2026,Total $5B committed to ~40 projects; creates thousands of jobs,Active
Battery Materials Processing Grants (BIL 40207b),Grant,Bipartisan Infrastructure Law,DOE,2021-11-15,"Grants for battery materials processing facilities",$600M annually for FY2022-2026,"Critical minerals, electrode materials, precursors",US-based materials processing facilities,Program funded through FY2026,"Total $7B authorized over 5 years; Round 3 NOI for $725M issued Jan 2025",Active
DOE Loan Programs Office - Title 17,Loan Guarantee,Energy Policy Act 2005 + IRA expansion,DOE LPO,2005-08-08 (expanded 2022),"Loan guarantees for innovative clean energy technologies including battery manufacturing",$62B total authority (IRA added $40B),"Battery manufacturing, materials processing, recycling",Projects in USA demonstrating innovative technology; creditworthy borrowers,No sunset; ongoing program,"$412B total LPO capacity; multiple battery projects funded including Li-Cycle, Redwood Materials",Active
Advanced Technology Vehicles Manufacturing (ATVM),Direct Loan,Energy Independence and Security Act 2007,DOE LPO,2007-12-19,"Direct loans for advanced vehicle manufacturing including battery production",$55B in loan authority,"Battery cells, modules, packs, components, EV charging infrastructure",Manufacturing after material mining; battery components and packs for EVs,Modified by 2025 legislation (some IRA authority rescinded),"$2.5B to Ultium Cells; $13B committed to 7 additional borrowers; $9.63B to BlueOval SK",Active (modified)
Defense Production Act Title III Battery Materials,Grant/Contract,Defense Production Act,DOD,2022-03-31,"Presidential determination authorizing DPA for critical battery materials (lithium, nickel, cobalt, graphite, manganese)",$250M awarded to 12 recipients (using IRA funds),"Critical minerals (lithium, nickel, cobalt, graphite, manganese)",Domestic mining and processing of critical minerals,Ongoing authority under DPA,"$89.95M to Albemarle (Kings Mountain lithium); $37.49M to Graphite One; $43M invested in FY2023",Active
CHIPS and Science Act,Manufacturing Incentives,CHIPS and Science Act,DOC,2022-08-09,"Semiconductor manufacturing incentives with implications for battery supply chains",$52.7B for semiconductors ($39B subsidies + 25% ITC),"Semiconductors for automotive/battery systems, mature nodes for EV applications","$2B designated for mature semiconductors for automotive/manufacturing; supply chain security requirements",No sunset for appropriations; tax credits through 2026,Supports battery supply chain through automotive semiconductors and advanced packaging,Active
FERC Order 841,Regulation,FERC regulatory authority,FERC,2018-02-15,"Requires RTOs/ISOs to allow energy storage participation in wholesale markets",N/A (regulatory),"Grid-scale battery storage, all storage technologies","Storage resources in RTO/ISO markets (excludes ERCOT); meet minimum size/performance requirements",No sunset; permanent market rules,Removes barriers to storage market participation; enables revenue stacking,Implemented
FERC Order 2222,Regulation,FERC regulatory authority,FERC,2020-09-17,"Enables distributed energy resources including batteries to participate in wholesale markets through aggregation",N/A (regulatory),"Distributed battery storage, aggregated DER","DER aggregations ≥100 kW; meets RTO/ISO technical requirements","No sunset; implementation varies by ISO (CAISO complete 2024, NYISO 2026, ISO-NE 2026)",Opens wholesale markets to distributed storage; enables virtual power plants,In Implementation
FERC Order 901,Regulation,FERC regulatory authority,FERC,2023,"Requires reliability standards for inverter-based resources including battery storage",N/A (regulatory),Battery energy storage systems with inverters,"Data sharing, model validation, planning/operational studies, performance requirements for IBRs",No sunset; ongoing reliability standards,Addresses grid reliability concerns from increased battery/IBR deployment,Active
IRA Section 48 Investment Tax Credit (ITC),Tax Credit,Inflation Reduction Act,IRS/Treasury,2022-08-16,"30% ITC for standalone energy storage systems (≥5 kWh capacity)",$0 (tax credit),Standalone battery storage systems (grid and commercial),≥5 kWh capacity; begins construction before 2025 or placed in service before 2035,Phases down: 26% (2033); 22% (2034); 0% (2035+),30% ITC for qualifying storage; direct pay for tax-exempt entities,Active
Buy America Requirements,Regulation,Infrastructure Investment and Jobs Act,Multiple agencies,2021-11-15,"Increased domestic content requirements for federally funded infrastructure",N/A (regulatory),"Battery components, EV charging equipment, grid infrastructure","60% domestic content (2023); 65% (2024); 55% for EV chargers (2024+)",Percentage requirements increase over time,Drives domestic battery manufacturing for federal projects; USMCA exempt,Active
Critical Minerals Export Controls,Regulation/Trade Policy,Various executive actions,DOC/BIS,Ongoing 2023-2024,"US monitoring and potential restrictions on critical mineral exports; response to China controls",N/A (regulatory),"Lithium, cobalt, graphite, nickel, other critical minerals",Varies by specific control measures,Evolving policy landscape,Addresses supply chain security and China's export restrictions,Active
Section 48C Advanced Energy Manufacturing Credit,Tax Credit,Inflation Reduction Act,IRS/Treasury,2022-08-16,"30% investment tax credit for advanced energy manufacturing facilities including batteries",$10B allocated ($4B Round 1 + $6B Round 2),"Battery cells, modules, electrode materials, recycling equipment","Qualified investment in advanced energy property; domestic content requirements; prevailing wage/apprenticeship",Allocated through competitive rounds; $10B total,Round 1: $4B allocated to 100+ projects; Round 2: $6B announced,Active
Section 301 Tariffs - Chinese Batteries,Trade Policy,Section 301 Investigation (China's IP practices),USTR,2018-2024,"Tariffs on Chinese battery imports: 7.5% general Section 301 + additional 25% on lithium-ion batteries (2024)",N/A (tariff revenue),"Lithium-ion batteries, battery parts, materials from China","Imports from China subject to Section 301 tariffs; some exclusions granted",Subject to USTR review and potential modification,32.5% total tariff on Chinese Li-ion batteries (7.5% base + 25% additional as of 2024),Active
USMCA Rules of Origin - Batteries,Trade Policy,United States-Mexico-Canada Agreement,USTR/CBP,2020-07-01,"USMCA requires battery Regional Value Content (RVC) of 70% for duty-free treatment",N/A (trade agreement),"Battery assemblies for automotive use, battery cells, modules","70% RVC for batteries in qualifying vehicles (phased in: 54% in 2020-2022; 64% in 2023-2024; 70% in 2024+)",No sunset; permanent trade agreement terms,Drives North American battery supply chain development,Active
DOT Hazardous Materials Regulations (HMR),Safety Regulation,49 CFR Parts 171-180,DOT/PHMSA,Ongoing (updated regularly),"Transportation safety regulations for lithium batteries classified as hazardous materials (Class 9)",N/A (regulatory),Lithium-ion and lithium metal batteries exceeding size/power thresholds,"UN testing requirements, packaging specifications, labeling, documentation, quantity limits",Ongoing regulatory framework with periodic updates,Regulates air/ground/sea transport; special provisions for damaged/recalled batteries,Active
EPA Universal Waste Rule - Batteries,Regulation,40 CFR Part 273,EPA,Ongoing (batteries added 1995),"Streamlined handling for spent batteries under universal waste category; proposed expansion for lithium batteries",N/A (regulatory),"Lead-acid, nickel-cadmium, other rechargeable batteries; lithium-ion under consideration","Reduced regulatory burden vs hazardous waste; collection, storage, transport, recycling requirements",Under review for lithium-ion inclusion,EPA May 2023 memo recommends universal waste handling for lithium batteries,Active/Evolving
EPA Battery Recycling National Strategy,Policy Framework,EPA internal initiative,EPA,2024-present,"Developing national lithium-ion battery recycling strategy and potential regulations",N/A (regulatory framework),"Lithium-ion batteries across all applications (consumer, EV, grid)",Under development; may include collection mandates and recycling standards,Framework under development,EPA collecting stakeholder input through 2024-2025,In Development
NFPA 855 - Battery Energy Storage Systems,Safety Standard,National Fire Protection Association,NFPA (adopted by local jurisdictions),2020 (updated 2023),"Fire safety standard for stationary battery energy storage systems ≥20 kWh",N/A (industry standard adopted by AHJs),"Grid-scale and commercial battery storage systems","Safety requirements for installation, operation, commissioning, decommissioning; thermal runaway mitigation",Updated on regular code cycle,Widely adopted by local building codes; influences facility design and insurance,Active (Industry Standard)
UL 9540 - Battery Energy Storage Systems,Safety Standard,Underwriters Laboratories,UL (private standards body),2020 (updated 2024),"Product safety standard for battery energy storage systems including thermal runaway testing (UL 9540A)",N/A (industry standard),"Battery storage systems all sizes; grid, commercial, residential","System-level safety testing; fire performance; thermal runaway propagation testing under UL 9540A",Updated regularly,Required by most utilities and jurisdictions for grid-connected storage,Active (Industry Standard)
DOE Critical Minerals Stockpile,Grant/Stockpile,Energy Act of 2020,DOE,2020-12-27,"Authority to establish strategic critical mineral stockpile including battery materials",Appropriations vary annually,"Lithium, cobalt, nickel, graphite, rare earths for batteries",Domestic production prioritized; stockpile for supply disruptions,Ongoing program authority,"Complements Strategic Petroleum Reserve concept for minerals",Active
DOE Battery Recycling R&D Program (VTO),Research Grants,Vehicle Technologies Office,DOE EERE,Ongoing,"R&D funding for battery recycling technologies, direct cathode recycling, hydrometallurgy",~$60M annually,"Battery recycling technologies, second-life applications, material recovery","Competitive grants to national labs, universities, private companies",Ongoing annual appropriations,Critical for developing economically viable recycling,Active
DOE Grid Energy Storage R&D (OE),Research Grants,Office of Electricity,DOE OE,Ongoing,"R&D for grid-scale energy storage technologies including long-duration storage",$505M for Long Duration Storage Shot (LDSS),"Grid batteries, long-duration storage, flow batteries, other technologies","Competitive grants; target 90% cost reduction for LDES by 2030",Ongoing program,Supporting next-generation battery technologies beyond lithium-ion,Active
FERC Order 755,Regulation,FERC regulatory authority,FERC,2011-10-20,"Requires pay-for-performance for frequency regulation; benefits fast-responding batteries",N/A (regulatory),"Grid-scale batteries providing frequency regulation",Performance-based compensation in organized markets,No sunset; permanent market rules,Enabled early battery grid market participation; foundational for storage economics,Implemented
FERC Order 784,Regulation,FERC regulatory authority,FERC,2013-07-18,"Third-party provision of ancillary services; enables non-utility battery operators",N/A (regulatory),"Battery storage providing ancillary services to transmission",Allows third parties to provide services beyond traditional utilities,No sunset; permanent market rules,Opened market to independent battery operators,Implemented
State Energy Program (SEP),Grant,DOE EERE,DOE,Ongoing,"Formula grants to states for energy programs; can include battery storage and EV charging",$60-90M annually,Energy efficiency and renewable energy including storage,States design programs; some include battery incentives,Annual appropriations,Flexible funding enabling state-level battery programs,Active
Critical Minerals Tax Credit (Proposal),Proposed Tax Credit,Under consideration,Congress,Not yet enacted,"Proposed additional credits for domestic critical mineral production",Varies by proposal,"Lithium, cobalt, nickel, graphite mining and processing",Would incentivize domestic mineral production,If enacted; details vary,Multiple proposals in Congress; not yet law,Proposed
Battery Material Processing Tariffs,Trade Policy,Section 301 + other actions,USTR/DOC,Ongoing,"Tariffs and trade restrictions on battery materials from China",Varies,"Graphite, cathode/anode materials, electrolyte components","Additional tariffs on specific battery components beyond finished cells",Subject to modification,Aims to onshore material processing,Active
Buy America - Battery Components,Regulation,Infrastructure Investment and Jobs Act,FHWA/FTA,2022-present (phased),"Domestic content requirements for batteries in federally funded vehicles and infrastructure",N/A (regulatory),"Batteries in transit buses, government vehicles, charging infrastructure","55-100% domestic content depending on application and timeline; USMCA content counts",Percentage requirements increase over time,Drives domestic battery manufacturing for federal projects,Active
